Name,,IBAN
"Singh,",J,DE89850643171390053293
"Mielnik,",P,DE89393352904228421020
"Scaife,",R,DE89950240268117758917
"Kelly,",P,DE89084700766177115921
"Kurtz,",K,DE89698478961183673657
"Lam,",C,DE89565452711116152809
"Leide,",M,DE89851656049451983273
"Maki,",K,DE89585149368998094024
"Nedic,",G,DE89455022961201836675
"Ravasia,",B,DE89599102290147679764
"Dhindsa,",P,DE89561497840369003432
"Sharma,",N,DE89451076226838851606
"Angrish,",S,DE89596966416052975161
"Mitz,",E,DE89816453521818835523
"Njunge,",D,DE89329212779979955271
"Tran,",A,DE89490581477005411998
"Garagaparthi,",U,DE89793597820715182037
"Kumar,",S,DE89554665905151864492
"So,",L,DE89546291486528168505
"Odeleye,",O,DE89573322141888059296
"Elia,",R,DE89927065379473834735
"Burke,",D,DE89746886239240758181
"Filipchuk,",R,DE89478261375060685361
"Jha,",H,DE89515220472779010432
"Patel,",I,DE89861434103697117980
"Mevada,",D,DE89932460953962185188
"Gulati,",S,DE89880670654051531952
"Abbas,",N,DE89527722170430305486
"Guo,",J,DE89034505415667652775
"Mridha,",S,DE89616928451154479627
"Bhatia,",G,DE89964016582029702135
"Holder,",M,DE89092755719285654310
"Marculescu,",A,DE89786814473947312172
"Duong,",P,DE89715518844225831323
"Osmenda,",B,DE89058957829114678669
"Venkataramana,",K,DE89177852892268018242
"Shah,",H,DE89358414384249818299
"Garvey,",G,DE89900109439690784473
"Sohail,",M,DE89471027677359255562
"D'Onofrio,",M,DE89881537147321046963
"Scaife,",J,DE89259532787747016873
"Rane,",S,DE89004797480162456506
"Shim,",A,DE89584168784991216558
"Babu,",V,DE89239868000257872982
"Patel,",K,DE89269495888794705516
"Patel,",A,DE89097499309728962309
"Khosla,",I,DE89130756263689702838
"Purba,",S,DE89865278585497334843
"Khurana,",A,DE89437575844198665240
"Cheema,",M,DE89574733848421993308
"Larrett,",L,DE89657120826773454019
"Barr,",S,DE89026206724004991547
"Vucha,",B,DE89887287431527420549
"Veino,",T,DE89329668516122753046
"Zheng,",A,DE89549904530174268414
"Sepehrnia,",M,DE89727956878339187851
"Veino,",M,DE89839822587139718707
"Sharma,",A,DE89874064039106518017
"Griffin,",B,DE89265676618251286823
"Mujassum,",S,DE89047868633752431069
,,DE89033119079030673830
,,DE89395995342836440892
,,DE89056856624628733427
,,DE89882634351751830469
,,DE89398373540331739363
,,DE89678544587717535560
,,DE89048996423536937854
,,DE89772522872808010062
,,DE89312038750997700886
,,DE89840862118233984546